Key;EnglishText;GermanText

HomeBtn;Home;Startseite
ProductBtn;Product;Produkte
AboutUSBtn;About us;√úber uns
ContactBtn;Contact;Kontakt
RegistrationBtn;Registration;Registrieren
LoginBtn;Login;Anmelden
WagenBtn;Cart;Warenkorb

WelcomeText1;üéÅ Welcome to the CS:GO Case Shop!;üéÅ Willkommen im CS:GO Case Shop!
WelcomeText2;Enter the ultimate marketplace for CS:GO cases! At our shop, you‚Äôll find a wide selection of cases featuring exclusive weapon skins and rare collectibles.<br>Whether you‚Äôre chasing legendary knives, vibrant rifles, or unique pistols, every case is a chance to unlock something extraordinary.<br><br>Browse our collection, imagine the possibilities, and take your inventory to the next level. You never know what rare drop awaits you!<br>Let the opening begin.;Tauche ein in den ultimativen Marktplatz f√ºr CS:GO Cases! In unserem Shop findest du eine gro√üe Auswahl an Cases mit exklusiven Waffenskins und seltenen Sammlerst√ºcken.<br>Ob du legend√§re Messer, auff√§llige Gewehre oder einzigartige Pistolen jagst ‚Äì jede Kiste ist eine Chance, etwas Au√üergew√∂hnliches zu erhalten.<br><br>St√∂bere durch unsere Kollektion, tr√§ume von den M√∂glichkeiten und bringe dein Inventar auf das n√§chste Level. Du wei√üt nie, welcher seltene Drop auf dich wartet!<br>Lass das √ñffnen beginnen.

WelcomeTextProducts;Our Products;Unsere Produkte
WelcomeTextProducts2;Add to Cart;In den Warenkorb

WelcomeTextaboutus;About us;√úber uns
WelcomeTextaboutus2;üéâ Our shop is young and passionate, driven by the excitement of CS:GO and the thrill of opening cases.;üéâ Unser Shop ist jung und leidenschaftlich, angetrieben von der Begeisterung f√ºr CS:GO und dem Nervenkitzel des Case-Openings.
WelcomeTextaboutus3;üì¶ We specialize in CS:GO cases carefully selected collections filled with exclusive skins and rare items that players love to unlock.;üì¶ Unsere Spezialit√§t sind CS:GO Cases sorgf√§ltig ausgew√§hlte Kollektionen voller exklusiver Skins und seltener Items, die Spieler gerne freischalten.
WelcomeTextaboutus4;üòä The tone is energetic and fun, highlighting the excitement, playfulness, and emotional rush of discovering rare drops inside each case.;üòä Der Ton ist energiegeladen und spielerisch und betont die Aufregung, Verspieltheit und den emotionalen Kick beim Entdecken seltener Drops in jeder Kiste.

WelcomeTextContact;Contact Us;Kontaktieren Sie uns
WelcomeTextContact2;Do you have any questions? Send us a message!;Haben Sie Fragen? Senden Sie uns eine Nachricht!
WelcomeTextContact3;Name:;Name:
WelcomeTextContact4;Email.;Email
WelcomeTextContact5;Message:;Nachricht:
WelcomeTextContact6;Send;Senden
WelcomeTextContact7;Thanks for you message;Danke f√ºr deine Nachricht.
WelcomeTextContact8;we will aswer the message soon;Wir werden die Nachricht bald beantworten.

WelcomeTextRegistor;Registrate now!;Jetzt registrieren!
WelcomeTextRegistor2;Registration in process<br>;Registrierung l√§uft<br>
WelcomeTextRegistor3;Password match. You will be registered ...; Passwort √ºbereinstimmt. Sie werden registriert ...
WelcomeTextRegistor4;Error. The two passwords do not match or the user already exists. Please try again!;Fehler. Die beiden Passw√∂rter stimmen nicht √ºberein oder der Benutzer existiert bereits. Bitte versuchen Sie es erneut!
WelcomeTextRegistor5;Pick a <b>username:</b>;W√§hlen Sie einen <b>Benutzernamen:</b>
WelcomeTextRegistor6;Pick your <b>Mail:</b>;W√§hlen Sie ihre <b>E-Mail:</b>
WelcomeTextRegistor7;Pick a <b>password:</b>;W√§hlen Sie ein <b>Passwort:</b>
WelcomeTextRegistor8;Pick your <b>country:</b>;W√§hlen Sie ihr <b>Land:</b>
WelcomeTextRegistor9;Registrate;Registrieren

WelcomeTextLogin;Login now!;Jetzt einloggen!
WelcomeTextLogin2;‚úÖ Login successful! Welcome back,;‚úÖ Login erfolgreich! Willkommen zur√ºck,
WelcomeTextLogin3;‚ùå Error: Username or password incorrect, or account does not exist.;‚ùå Fehler: Benutzername oder Passwort falsch, oder Account existiert nicht.
WelcomeTextLogin4;Username;Benutzername
WelcomeTextLogin5;Password;Passwort
WelcomeTextLogin6;Login;Einloggen

WelcomeTextCart;‚û°Ô∏è Click on this text ‚¨ÖÔ∏è;‚û°Ô∏è Dr√ºcken sie auf diesen Text ‚¨ÖÔ∏è

Admin;Admin;Admin
Admin1;Access denied. Admins only.;Zugriff verweigert. Nur f√ºr Administratoren.
Admin2;You will be redirected...;Sie werden weitergeleitet...
Admin3;Product successfully created!;Produkt erfolgreich erstellt!
Admin4;Image upload failed.;Das Hochladen des Bildes ist fehlgeschlagen.
Admin5;Create New Product;Neues Produkt erstellen
Admin6;Product Name (EN):;Produktname (EN):
Admin7;Product Name (GE):;Produktname (GE):
Admin8;Product Image:;Produktbild:
Admin9;Price:;Preis
Admin10;Description (EN):;Beschreibung (EN):
Admin11;Description (GE):;Beschreibung (GE):
Admin12;Create Product;Produkt erstellen